"module_accession","completeness","pathway_name","pathway_class","matching_ko","missing_ko"
"M00001","100.0","Glycolysis (Embden-Meyerhof pathway), glucose => pyruvate","Pathway modules; Carbohydrate metabolism; Central carbohydrate metabolism","K01689,K00850,K00845,K01803,K00134,K01834,K01623,K00873,K00927,K01810",""
"M00002","100.0","Glycolysis, core module involving three-carbon compounds","Pathway modules; Carbohydrate metabolism; Central carbohydrate metabolism","K00873,K01834,K01689,K00927,K01803,K00134",""
"M00003","100.0","Gluconeogenesis, oxaloacetate => fructose-6P","Pathway modules; Carbohydrate metabolism; Central carbohydrate metabolism","K01596,K01689,K03841,K01834,K00134,K01803,K01623,K00927",""
"M00004","100.0","Pentose phosphate pathway (Pentose phosphate cycle)","Pathway modules; Carbohydrate metabolism; Central carbohydrate metabolism","K00033,K01807,K00036,K01783,K01057,K00615,K00616,K01810",""
"M00005","100.0","PRPP biosynthesis, ribose 5P => PRPP","Pathway modules; Carbohydrate metabolism; Central carbohydrate metabolism","K00948",""
"M00006","100.0","Pentose phosphate pathway, oxidative phase, glucose 6P => ribulose 5P","Pathway modules; Carbohydrate metabolism; Central carbohydrate metabolism","K00033,K01057,K00036",""
"M00007","100.0","Pentose phosphate pathway, non-oxidative phase, fructose 6P => ribose 5P","Pathway modules; Carbohydrate metabolism; Central carbohydrate metabolism","K00615,K00616,K01783,K01807",""
"M00008","100.0","Entner-Doudoroff pathway, glucose-6P => glyceraldehyde-3P + pyruvate","Pathway modules; Carbohydrate metabolism; Central carbohydrate metabolism","K01057,K01690,K00036,K01625",""
"M00009","100.0","Citrate cycle (TCA cycle, Krebs cycle)","Pathway modules; Carbohydrate metabolism; Central carbohydrate metabolism","K00382,K00658,K00024,K00242,K00239,K01903,K01902,K01647,K01676,K00241,K00164,K01681,K00240,K00031",""
"M00010","100.0","Citrate cycle, first carbon oxidation, oxaloacetate => 2-oxoglutarate","Pathway modules; Carbohydrate metabolism; Central carbohydrate metabolism","K01681,K00031,K01647",""
"M00011","100.0","Citrate cycle, second carbon oxidation, 2-oxoglutarate => oxaloacetate","Pathway modules; Carbohydrate metabolism; Central carbohydrate metabolism","K00382,K00658,K00024,K00242,K00239,K01903,K01902,K01676,K00241,K00164,K00240",""
"M00012","100.0","Glyoxylate cycle","Pathway modules; Carbohydrate metabolism; Other carbohydrate metabolism","K01638,K00024,K01637,K01681,K01647",""
"M00015","100.0","Proline biosynthesis, glutamate => proline","Pathway modules; Amino acid metabolism; Arginine and proline metabolism","K00147,K00286,K00931",""
"M00016","100.0","Lysine biosynthesis, succinyl-DAP pathway, aspartate => lysine","Pathway modules; Amino acid metabolism; Lysine metabolism","K01586,K00821,K00928,K00674,K01439,K01714,K01778,K00133,K00215",""
"M00017","100.0","Methionine biosynthesis, apartate => homoserine => methionine","Pathway modules; Amino acid metabolism; Cysteine and methionine metabolism","K00651,K00548,K01760,K00928,K01739,K00003,K00133",""
"M00018","100.0","Threonine biosynthesis, aspartate => homoserine => threonine","Pathway modules; Amino acid metabolism; Serine and threonine metabolism","K00872,K00928,K00003,K00133,K01733",""
"M00019","100.0","Valine/isoleucine biosynthesis, pyruvate => valine / 2-oxobutanoate => isoleucine","Pathway modules; Amino acid metabolism; Branched-chain amino acid metabolism","K01653,K00053,K01652,K01687,K00826",""
"M00020","100.0","Serine biosynthesis, glycerate-3P => serine","Pathway modules; Amino acid metabolism; Serine and threonine metabolism","K00058,K00831,K01079",""
"M00021","100.0","Cysteine biosynthesis, serine => cysteine","Pathway modules; Amino acid metabolism; Cysteine and methionine metabolism","K01738,K00640",""
"M00022","100.0","Shikimate pathway, phosphoenolpyruvate + erythrose-4P => chorismate","Pathway modules; Amino acid metabolism; Aromatic amino acid metabolism","K01736,K00014,K00891,K00800,K01735,K01626,K03785",""
"M00023","100.0","Tryptophan biosynthesis, chorismate => tryptophan","Pathway modules; Amino acid metabolism; Aromatic amino acid metabolism","K01658,K01817,K00766,K01657,K01695,K01696,K01609",""
"M00026","100.0","Histidine biosynthesis, PRPP => histidine","Pathway modules; Amino acid metabolism; Histidine metabolism","K04486,K01523,K01814,K00013,K00765,K01496,K01693,K02502,K00817,K02501,K02500",""
"M00028","100.0","Ornithine biosynthesis, glutamate => ornithine","Pathway modules; Amino acid metabolism; Arginine and proline metabolism","K00930,K00821,K01438,K00145,K00619",""
"M00031","100.0","Lysine biosynthesis, mediated by LysW, 2-aminoadipate => lysine","Pathway modules; Amino acid metabolism; Lysine metabolism","K05826",""
"M00033","100.0","Ectoine biosynthesis, aspartate => ectoine","Pathway modules; Amino acid metabolism; Serine and threonine metabolism","K06720,K06718,K00928,K00836,K00133",""
"M00034","100.0","Methionine salvage pathway","Pathway modules; Amino acid metabolism; Cysteine and methionine metabolism","K00797,K01243,K09880,K08967,K00899,K00789,K08969,K01611,K08964,K08963",""
"M00035","100.0","Methionine degradation","Pathway modules; Amino acid metabolism; Cysteine and methionine metabolism","K01697,K00558,K00789,K01251",""
"M00038","100.0","Tryptophan metabolism, tryptophan => kynurenine => 2-aminomuconate","Pathway modules; Amino acid metabolism; Aromatic amino acid metabolism","K10217,K01432,K00486,K00453,K01556,K00452,K03392",""
"M00045","100.0","Histidine degradation, histidine => N-formiminoglutamate => glutamate","Pathway modules; Amino acid metabolism; Histidine metabolism","K01745,K01712,K01479,K01468",""
"M00046","100.0","Pyrimidine degradation, uracil => beta-alanine, thymine => 3-aminoisobutanoate","Pathway modules; Nucleotide metabolism; Pyrimidine metabolism","K17723,K17722,K01464,K01431",""
"M00048","100.0","Inosine monophosphate biosynthesis, PRPP + glutamine => IMP","Pathway modules; Nucleotide metabolism; Purine metabolism","K01923,K01756,K01933,K00602,K01945,K11175,K01952,K00764",""
"M00049","100.0","Adenine ribonucleotide biosynthesis, IMP => ADP,ATP","Pathway modules; Nucleotide metabolism; Purine metabolism","K00939,K01939,K01756,K00940",""
"M00050","100.0","Guanine ribonucleotide biosynthesis IMP => GDP,GTP","Pathway modules; Nucleotide metabolism; Purine metabolism","K00088,K01951,K00940,K00942",""
"M00052","100.0","Pyrimidine ribonucleotide biosynthesis, UMP => UDP/UTP,CDP/CTP","Pathway modules; Nucleotide metabolism; Pyrimidine metabolism","K09903,K01937,K00940",""
"M00053","100.0","Pyrimidine deoxyribonuleotide biosynthesis, CDP/CTP => dCDP/dCTP,dTDP/dTTP","Pathway modules; Nucleotide metabolism; Pyrimidine metabolism","K00525,K01494,K01520,K21636,K00526,K00560,K00943,K00940",""
"M00061","100.0","D-Glucuronate degradation, D-glucuronate => pyruvate + D-glyceraldehyde 3P","Pathway modules; Carbohydrate metabolism; Other carbohydrate metabolism","K01812,K00040,K01686,K00874,K01625",""
"M00063","100.0","CMP-KDO biosynthesis","Pathway modules; Glycan metabolism; Lipopolysaccharide metabolism","K03270,K01627,K00979,K06041",""
"M00064","100.0","ADP-L-glycero-D-manno-heptose biosynthesis","Pathway modules; Glycan metabolism; Lipopolysaccharide metabolism","K03271,K03273,K03274,K03272",""
"M00082","100.0","Fatty acid biosynthesis, initiation","Pathway modules; Lipid metabolism; Fatty acid metabolism","K02160,K00645,K01961,K01962,K00648,K01963",""
"M00083","100.0","Fatty acid biosynthesis, elongation","Pathway modules; Lipid metabolism; Fatty acid metabolism","K00647,K00059,K02372,K00208",""
"M00086","100.0","beta-Oxidation, acyl-CoA synthesis","Pathway modules; Lipid metabolism; Fatty acid metabolism","K01897",""
"M00087","100.0","beta-Oxidation","Pathway modules; Lipid metabolism; Fatty acid metabolism","K00632,K00232,K01825",""
"M00088","100.0","Ketone body biosynthesis, acetyl-CoA => acetoacetate/3-hydroxybutyrate/acetone","Pathway modules; Lipid metabolism; Lipid metabolism","K00019",""
"M00091","100.0","Phosphatidylcholine (PC) biosynthesis, PE => PC","Pathway modules; Lipid metabolism; Lipid metabolism","K00570",""
"M00093","100.0","Phosphatidylethanolamine (PE) biosynthesis, PA => PS => PE","Pathway modules; Lipid metabolism; Lipid metabolism","K17103,K01613,K00981",""
"M00096","100.0","C5 isoprenoid biosynthesis, non-mevalonate pathway","Pathway modules; Biosynthesis of terpenoids and polyketides; Terpenoid backbone biosynthesis","K01823,K01770,K00919,K00099,K03526,K03527,K00991,K01662",""
"M00115","100.0","NAD biosynthesis, aspartate => NAD","Pathway modules; Metabolism of cofactors and vitamins; Cofactor and vitamin metabolism","K01916,K00278,K03517,K00767,K00969",""
"M00116","100.0","Menaquinone biosynthesis, chorismate => menaquinol","Pathway modules; Metabolism of cofactors and vitamins; Cofactor and vitamin metabolism","K02551,K02549,K08680,K01911,K02552,K01661,K02548,K03183,K19222",""
"M00118","100.0","Glutathione biosynthesis, glutamate => glutathione","Pathway modules; Amino acid metabolism; Other amino acid metabolism","K01920,K01919",""
"M00119","100.0","Pantothenate biosynthesis, valine/L-aspartate => pantothenate","Pathway modules; Metabolism of cofactors and vitamins; Cofactor and vitamin metabolism","K00606,K00826,K00077",""
"M00120","100.0","Coenzyme A biosynthesis, pantothenate => CoA","Pathway modules; Metabolism of cofactors and vitamins; Cofactor and vitamin metabolism","K00954,K13038,K00859,K00867",""
"M00121","100.0","Heme biosynthesis, plants and bacteria, glutamate => heme","Pathway modules; Metabolism of cofactors and vitamins; Cofactor and vitamin metabolism","K01885,K01698,K01845,K01599,K01719,K01772,K01749,K02492,K00228,K00230",""
"M00122","100.0","Cobalamin biosynthesis, cobinamide => cobalamin","Pathway modules; Metabolism of cofactors and vitamins; Cofactor and vitamin metabolism","K02232,K02231,K00798,K02225",""
"M00123","100.0","Biotin biosynthesis, pimeloyl-ACP/CoA => biotin","Pathway modules; Metabolism of cofactors and vitamins; Cofactor and vitamin metabolism","K00652,K01935,K00833,K01012",""
"M00125","100.0","Riboflavin biosynthesis, GTP => riboflavin/FMN/FAD","Pathway modules; Metabolism of cofactors and vitamins; Cofactor and vitamin metabolism","K11752,K01497,K20861",""
"M00126","100.0","Tetrahydrofolate biosynthesis, GTP => THF","Pathway modules; Metabolism of cofactors and vitamins; Cofactor and vitamin metabolism","K13940,K01495,K00287,K01077,K11754,K00796",""
"M00127","100.0","Thiamine biosynthesis, AIR => thiamine-P/thiamine-2P","Pathway modules; Metabolism of cofactors and vitamins; Cofactor and vitamin metabolism","K03150,K03149",""
"M00133","100.0","Polyamine biosynthesis, arginine => agmatine => putrescine => spermidine","Pathway modules; Amino acid metabolism; Polyamine biosynthesis","K01584,K01480",""
"M00134","100.0","Polyamine biosynthesis, arginine => ornithine => putrescine","Pathway modules; Amino acid metabolism; Polyamine biosynthesis","K01581,K01476",""
"M00135","100.0","GABA biosynthesis, eukaryotes, putrescine => GABA","Pathway modules; Amino acid metabolism; Polyamine biosynthesis","K00657,K00128,K00274",""
"M00140","100.0","C1-unit interconversion, prokaryotes","Pathway modules; Metabolism of cofactors and vitamins; Cofactor and vitamin metabolism","K00600,K01491,K01938",""
"M00144","100.0","NADH","Pathway modules; Energy metabolism; ATP synthesis","K00342,K00340,K00333,K00341,K00336,K00339,K00332,K00337,K00343,K00331,K00338,K00335,K00334,K00330",""
"M00149","100.0","Succinate dehydrogenase, prokaryotes","Pathway modules; Energy metabolism; ATP synthesis","K00240,K00241,K00242,K00239",""
"M00151","100.0","Cytochrome bc1 complex respiratory unit","Pathway modules; Energy metabolism; ATP synthesis","K00411,K00412,K00413",""
"M00153","100.0","Cytochrome bd ubiquinol oxidase","Pathway modules; Energy metabolism; ATP synthesis","K00426,K00424,K00425",""
"M00155","100.0","Cytochrome c oxidase, prokaryotes","Pathway modules; Energy metabolism; ATP synthesis","K02276,K02274,K02277,K02275",""
"M00156","100.0","Cytochrome c oxidase, cbb3-type","Pathway modules; Energy metabolism; ATP synthesis","K00405,K00404,K00406,K00407",""
"M00157","100.0","F-type ATPase, prokaryotes and chloroplasts","Pathway modules; Energy metabolism; ATP synthesis","K02112,K02113,K02114,K02110,K02115,K02109,K02111,K02108",""
"M00166","100.0","Reductive pentose phosphate cycle, ribulose-5P => glyceraldehyde-3P","Pathway modules; Energy metabolism; Carbon fixation","K00150,K00855,K01602,K00927,K01601",""
"M00168","100.0","CAM (Crassulacean acid metabolism), dark","Pathway modules; Energy metabolism; Carbon fixation","K00024,K01595",""
"M00169","100.0","CAM (Crassulacean acid metabolism), light","Pathway modules; Energy metabolism; Carbon fixation","K01006,K00029",""
"M00176","100.0","Assimilatory sulfate reduction, sulfate => H2S","Pathway modules; Energy metabolism; Sulfur metabolism","K00860,K00958,K00390,K00381,K00380",""
"M00307","100.0","Pyruvate oxidation, pyruvate => acetyl-CoA","Pathway modules; Carbohydrate metabolism; Central carbohydrate metabolism","K00163,K00627,K00382",""
"M00338","100.0","Cysteine biosynthesis, homocysteine + serine => cysteine","Pathway modules; Amino acid metabolism; Cysteine and methionine metabolism","K01697,K01758",""
"M00345","100.0","Formaldehyde assimilation, ribulose monophosphate pathway","Pathway modules; Energy metabolism; Methane metabolism","K08093,K00850,K01624,K08094",""
"M00364","100.0","C10-C20 isoprenoid biosynthesis, bacteria","Pathway modules; Biosynthesis of terpenoids and polyketides; Terpenoid backbone biosynthesis","K00795,K01823",""
"M00365","100.0","C10-C20 isoprenoid biosynthesis, archaea","Pathway modules; Biosynthesis of terpenoids and polyketides; Terpenoid backbone biosynthesis","K13787,K01823",""
"M00378","100.0","F420 biosynthesis","Pathway modules; Energy metabolism; Methane metabolism","K14941",""
"M00417","100.0","Cytochrome o ubiquinol oxidase","Pathway modules; Energy metabolism; ATP synthesis","K02299,K02300,K02298,K02297",""
"M00432","100.0","Leucine biosynthesis, 2-oxoisovalerate => 2-oxoisocaproate","Pathway modules; Amino acid metabolism; Branched-chain amino acid metabolism","K00052,K01649,K01704,K01703",""
"M00525","100.0","Lysine biosynthesis, acetyl-DAP pathway, aspartate => lysine","Pathway modules; Amino acid metabolism; Lysine metabolism","K05823,K01586,K00928,K00841,K05822,K01714,K01778,K00133,K00215",""
"M00526","100.0","Lysine biosynthesis, DAP dehydrogenase pathway, aspartate => lysine","Pathway modules; Amino acid metabolism; Lysine metabolism","K01586,K00928,K01714,K03340,K00133,K00215",""
"M00528","100.0","Nitrification, ammonia => nitrite","Pathway modules; Energy metabolism; Nitrogen metabolism","K10944,K10945,K10946,K10535",""
"M00529","100.0","Denitrification, nitrate => nitrogen","Pathway modules; Energy metabolism; Nitrogen metabolism","K00368,K00371,K00374,K04561,K00370,K02305,K00376",""
"M00530","100.0","Dissimilatory nitrate reduction, nitrate => ammonia","Pathway modules; Energy metabolism; Nitrogen metabolism","K00363,K00362,K00371,K00374,K00370",""
"M00532","100.0","Photorespiration","Pathway modules; Carbohydrate metabolism; Other carbohydrate metabolism","K00281,K00605,K00382,K02437",""
"M00533","100.0","Homoprotocatechuate degradation, homoprotocatechuate => 2-oxohept-3-enedioate","Pathway modules; Amino acid metabolism; Aromatic amino acid metabolism","K00455,K00151,K01826,K05921",""
"M00546","100.0","Purine degradation, xanthine => urea","Pathway modules; Nucleotide metabolism; Purine metabolism","K01477,K13482,K00365,K13481,K01466,K07127,K13485",""
"M00549","100.0","Nucleotide sugar biosynthesis, glucose => UDP-glucose","Pathway modules; Carbohydrate metabolism; Other carbohydrate metabolism","K01835,K00963,K00845",""
"M00551","100.0","Benzoate degradation, benzoate => catechol / methylbenzoate => methylcatechol","Pathway modules; Xenobiotics biodegradation; Aromatics degradation","K05784,K05549,K05783,K05550",""
"M00552","100.0","D-galactonate degradation, De Ley-Doudoroff pathway, D-galactonate => glycerate-3P","Pathway modules; Carbohydrate metabolism; Other carbohydrate metabolism","K01631,K01684,K00927,K00134,K00883",""
"M00554","100.0","Nucleotide sugar biosynthesis, galactose => UDP-galactose","Pathway modules; Carbohydrate metabolism; Other carbohydrate metabolism","K00849,K00965",""
"M00555","100.0","Betaine biosynthesis, choline => betaine","Pathway modules; Amino acid metabolism; Serine and threonine metabolism","K17755",""
"M00565","100.0","Trehalose biosynthesis, D-glucose 1P => trehalose","Pathway modules; Carbohydrate metabolism; Other carbohydrate metabolism","K06044,K00975,K00700,K01236,K01214,K00703",""
"M00568","100.0","Catechol ortho-cleavage, catechol => 3-oxoadipate","Pathway modules; Xenobiotics biodegradation; Aromatics degradation","K01856,K03381,K03464,K01055",""
"M00569","100.0","Catechol meta-cleavage, catechol => acetyl-CoA / 4-methylcatechol => propanoyl-CoA","Pathway modules; Xenobiotics biodegradation; Aromatics degradation","K02554,K01617,K01821,K18366,K10217,K01666,K00446",""
"M00570","100.0","Isoleucine biosynthesis, threonine => 2-oxobutanoate => isoleucine","Pathway modules; Amino acid metabolism; Branched-chain amino acid metabolism","K17989,K01653,K00053,K01652,K01687,K00826",""
"M00572","100.0","Pimeloyl-ACP biosynthesis, BioC-BioH pathway, malonyl-ACP => pimeloyl-ACP","Pathway modules; Metabolism of cofactors and vitamins; Cofactor and vitamin metabolism","K00647,K02169,K02372,K00208,K00059,K02170",""
"M00579","100.0","Phosphate acetyltransferase-acetate kinase pathway, acetyl-CoA => acetate","Pathway modules; Energy metabolism; Carbon fixation","K00625,K00925",""
"M00580","100.0","Pentose phosphate pathway, archaea, fructose 6P => ribose 5P","Pathway modules; Carbohydrate metabolism; Central carbohydrate metabolism","K08094,K08093,K01807",""
"M00595","100.0","Thiosulfate oxidation by SOX complex, thiosulfate => sulfate","Pathway modules; Energy metabolism; Sulfur metabolism","K17222,K17223,K17227,K17224,K17226,K17225,K22622",""
"M00627","100.0","beta-Lactam resistance, Bla system","Signature modules; Gene set; Drug resistance","K17836,K02171,K02172",""
"M00631","100.0","D-Galacturonate degradation (bacteria), D-galacturonate => pyruvate + D-glyceraldehyde 3P","Pathway modules; Carbohydrate metabolism; Other carbohydrate metabolism","K01812,K00041,K01685,K00874,K01625",""
"M00632","100.0","Galactose degradation, Leloir pathway, galactose => alpha-D-glucose-1P","Pathway modules; Carbohydrate metabolism; Other carbohydrate metabolism","K01785,K00965,K00849,K01784",""
"M00700","100.0","Multidrug resistance, efflux pump AbcA","Signature modules; Gene set; Drug resistance","K18907,K18104",""
"M00702","100.0","Multidrug resistance, efflux pump NorB","Signature modules; Gene set; Drug resistance","K18907,K08170",""
"M00745","100.0","Imipenem resistance, repression of porin OprD","Signature modules; Gene set; Drug resistance","K07665,K07644",""
"M00763","100.0","Ornithine biosynthesis, mediated by LysW, glutamate => ornithine","Pathway modules; Amino acid metabolism; Arginine and proline metabolism","K05826",""
"M00793","100.0","dTDP-L-rhamnose biosynthesis","Pathway modules; Biosynthesis of terpenoids and polyketides; Polyketide sugar unit biosynthesis","K01790,K01710,K00973,K00067",""
"M00804","100.0","Complete nitrification, comammox, ammonia => nitrite => nitrate","Pathway modules; Energy metabolism; Nitrogen metabolism","K10535,K10945,K00370,K00371,K10946,K10944",""
"M00844","100.0","Arginine biosynthesis, ornithine => arginine","Pathway modules; Amino acid metabolism; Arginine and proline metabolism","K01940,K01755,K00611",""
"M00845","100.0","Arginine biosynthesis, glutamate => acetylcitrulline => arginine","Pathway modules; Amino acid metabolism; Arginine and proline metabolism","K01940,K22478,K00821,K01438,K00145,K01755,K09065",""
"M00846","100.0","Siroheme biosynthesis, glutamate => siroheme","Pathway modules; Metabolism of cofactors and vitamins; Cofactor and vitamin metabolism","K01719,K01885,K01698,K02302,K01845,K01749,K02492",""
"M00847","100.0","Heme biosynthesis, archaea, siroheme => heme","Pathway modules; Metabolism of cofactors and vitamins; Cofactor and vitamin metabolism","K22226,K22227,K22225",""
"M00854","100.0","Glycogen biosynthesis, glucose-1P => glycogen/starch","Pathway modules; Carbohydrate metabolism; Other carbohydrate metabolism","K00975,K00703,K00700",""
"M00855","100.0","Glycogen degradation, glycogen => glucose-6P","Pathway modules; Carbohydrate metabolism; Other carbohydrate metabolism","K00705,K01835,K00688,K01200",""
"M00868","100.0","Heme biosynthesis, animals and fungi, glycine => heme","Pathway modules; Metabolism of cofactors and vitamins; Cofactor and vitamin metabolism","K01698,K00231,K01599,K01719,K01772,K01749,K00643,K00228",""
"M00880","100.0","Molybdenum cofactor biosynthesis, GTP => molybdenum cofactor","Pathway modules; Metabolism of cofactors and vitamins; Cofactor and vitamin metabolism","K03639,K03635,K03637,K03750,K03831",""
"M00051","94.44","Uridine monophosphate biosynthesis, glutamine (+ PRPP) => UMP","Pathway modules; Nucleotide metabolism; Pyrimidine metabolism","K00254,K01955,K01465,K00762,K01956,K00609,K01591","K00610"
"M00346","94.44","Formaldehyde assimilation, serine pathway","Pathway modules; Energy metabolism; Methane metabolism","K01689,K08691,K00024,K00018,K00830,K01595,K00600,K11529,K08692","K14067"
"M00165","90.91","Reductive pentose phosphate cycle (Calvin cycle)","Pathway modules; Energy metabolism; Carbon fixation","K00150,K01807,K03841,K01623,K00855,K01602,K00927,K00615,K01601","K01100"
"M00173","90.0","Reductive citrate cycle (Arnon-Buchanan cycle)","Pathway modules; Energy metabolism; Carbon fixation","K00024,K00239,K01903,K00175,K01007,K00174,K00177,K01676,K00176,K00031,K00240,K03737,K00242,K01902,K00241,K01595,K01681","K15231,K15230"
"M00060","88.89","KDO2-lipid A biosynthesis, Raetz pathway, LpxL-LpxM type","Pathway modules; Glycan metabolism; Lipopolysaccharide metabolism","K00748,K02536,K03269,K02535,K02527,K00677,K00912,K02517","K02560"
"M00866","88.89","KDO2-lipid A biosynthesis, Raetz pathway, non-LpxL-LpxM type","Pathway modules; Glycan metabolism; Lipopolysaccharide metabolism","K00748,K02536,K03269,K02535,K02527,K00677,K00912,K02517","K09778"
"M00036","86.11","Leucine degradation, leucine => acetoacetate + acetyl-CoA","Pathway modules; Amino acid metabolism; Branched-chain amino acid metabolism","K01640,K00382,K01969,K00826,K00167,K05607,K00166,K00253","K01968,K09699"
"M00167","85.71","Reductive pentose phosphate cycle, glyceraldehyde-3P => ribulose-5P","Pathway modules; Energy metabolism; Carbon fixation","K03841,K01623,K01807,K00615","K01100"
"M00527","85.71","Lysine biosynthesis, DAP aminotransferase pathway, aspartate => lysine","Pathway modules; Amino acid metabolism; Lysine metabolism","K01586,K00928,K01714,K01778,K00133,K00215","K10206"
"M00878","85.71","Phenylacetate degradation, phenylaxetate => acetyl-CoA/succinyl-CoA","Pathway modules; Xenobiotics biodegradation; Aromatics degradation","K02612,K02613,K02618,K01692,K02611,K00074,K15866,K02609,K02610,K01912","K02615"
"M00124","83.33","Pyridoxal biosynthesis, erythrose-4P => pyridoxal-5P","Pathway modules; Metabolism of cofactors and vitamins; Cofactor and vitamin metabolism","K03473,K00831,K03474,K00097,K00275","K03472"
"M00373","83.33","Ethylmalonyl pathway","Pathway modules; Carbohydrate metabolism; Other carbohydrate metabolism","K05606,K01847,K01966","K01965"
"M00545","83.33","Trans-cinnamate degradation, trans-cinnamate => acetyl-CoA","Pathway modules; Amino acid metabolism; Aromatic amino acid metabolism","K02554,K05714,K05712,K05713,K01666","K04073"
"M00741","83.33","Propanoyl-CoA metabolism, propanoyl-CoA => succinyl-CoA","Pathway modules; Carbohydrate metabolism; Other carbohydrate metabolism","K05606,K01847,K01966","K01965"
"M00029","80.0","Urea cycle","Pathway modules; Amino acid metabolism; Arginine and proline metabolism","K01940,K01755,K00611,K01476","K01948"
"M00044","80.0","Tyrosine degradation, tyrosine => homogentisate","Pathway modules; Amino acid metabolism; Aromatic amino acid metabolism","K00451,K01800,K01555,K00457","K00815"
"M00577","80.0","Biotin biosynthesis, BioW pathway, pimelate => pimeloyl-CoA => biotin","Pathway modules; Metabolism of cofactors and vitamins; Cofactor and vitamin metabolism","K00652,K01935,K00833,K01012","K01906"
"M00117","77.78","Ubiquinone biosynthesis, prokaryotes, chorismate => ubiquinone","Pathway modules; Metabolism of cofactors and vitamins; Cofactor and vitamin metabolism","K03182,K03185,K03186,K03181,K00568,K03183,K03179","K03184,K18800"
"M00150","75.0","Fumarate reductase, prokaryotes","Pathway modules; Energy metabolism; ATP synthesis","K00246,K00247,K00245","K00244"
"M00172","75.0","C4-dicarboxylic acid cycle, NADP - malic enzyme type","Pathway modules; Energy metabolism; Carbon fixation","K01006,K01595,K00029","K00051"
"M00308","75.0","Semi-phosphorylative Entner-Doudoroff pathway, gluconate => glycerate-3P","Pathway modules; Carbohydrate metabolism; Central carbohydrate metabolism","K00927,K00134,K00874,K01625","K05308"
"M00376","75.0","3-Hydroxypropionate bi-cycle","Pathway modules; Energy metabolism; Carbon fixation","K08691,K09709,K14449","K14470"
"M00416","75.0","Cytochrome aa3-600 menaquinol oxidase","Pathway modules; Energy metabolism; ATP synthesis","K02828,K02826,K02829","K02827"
"M00642","75.0","Multidrug resistance, efflux pump MexJK-OprM","Signature modules; Gene set; Drug resistance","K18303,K18301,K18139","K18302"
"M00027","66.67","GABA (gamma-Aminobutyrate) shunt","Pathway modules; Amino acid metabolism; Other amino acid metabolism","K00135,K07250","K01580"
"M00040","66.67","Tyrosine biosynthesis, prephanate => pretyrosine => tyrosine","Pathway modules; Amino acid metabolism; Aromatic amino acid metabolism","K00220,K04092","K00832"
"M00175","66.67","Nitrogen fixation, nitrogen => ammonia","Pathway modules; Energy metabolism; Nitrogen metabolism","K02586,K02588","K02591"
"M00535","66.67","Isoleucine biosynthesis, pyruvate => 2-oxobutanoate","Pathway modules; Amino acid metabolism; Branched-chain amino acid metabolism","K00052,K01704,K01703","K09011"
"M00609","66.67","Cysteine biosynthesis, methionine => cysteine","Pathway modules; Amino acid metabolism; Cysteine and methionine metabolism","K01243,K00789,K17462,K07173","K17216,K17217"
"M00698","66.67","Multidrug resistance, efflux pump BpeEF-OprC","Signature modules; Gene set; Drug resistance","K18901,K18900","K18903,K18902"
"M00744","66.67","Cationic antimicrobial peptide (CAMP) resistance, protease PgtE","Signature modules; Gene set; Drug resistance","K07660,K07637","K08477"
"M00769","66.67","Multidrug resistance, efflux pump MexPQ-OpmE","Signature modules; Gene set; Drug resistance","K18304,K19591","K19594,K19595,K19593"
"M00842","66.67","Tetrahydrobiopterin biosynthesis, GTP => BH4","Pathway modules; Metabolism of cofactors and vitamins; Cofactor and vitamin metabolism","K01495,K01737","K00072"
"M00843","66.67","L-threo-Tetrahydrobiopterin biosynthesis, GTP => L-threo-BH4","Pathway modules; Metabolism of cofactors and vitamins; Cofactor and vitamin metabolism","K01495,K01737","K17745"
"M00620","64.29","Incomplete reductive citrate cycle, acetyl-CoA => oxoglutarate","Pathway modules; Energy metabolism; Carbon fixation","K00024,K01903,K00175,K01677,K00174,K01902,K00177,K00169,K00172,K01678,K00176","K00171,K00170,K18210,K01960,K01959,K18209"
"M00076","60.0","Dermatan sulfate degradation","Pathway modules; Glycan metabolism; Glycosaminoglycan metabolism","K01195,K01136,K01197","K01217,K01135"
"M00550","60.0","Ascorbate degradation, ascorbate => D-xylulose-5P","Pathway modules; Carbohydrate metabolism; Other carbohydrate metabolism","K02822,K03077,K02821,K03079,K03475","K03078,K03476"
"M00573","60.0","Biotin biosynthesis, BioI pathway, long-chain-acyl-ACP => pimeloyl-ACP => biotin","Pathway modules; Metabolism of cofactors and vitamins; Cofactor and vitamin metabolism","K00652,K01935,K01012","K19563,K16593"
"M00879","60.0","Arginine succinyltransferase pathway, arginine => glutamate","Pathway modules; Amino acid metabolism; Arginine and proline metabolism","K05526,K00673,K01484","K00840,K06447"
"M00622","58.33","Nicotinate degradation, nicotinate => fumarate","Pathway modules; Metabolism of cofactors and vitamins; Cofactor and vitamin metabolism","K18029,K18028,K13995,K01799","K15357,K14974,K18030"
"M00849","58.33","C5 isoprenoid biosynthesis, mevalonate pathway, archaea","Pathway modules; Biosynthesis of terpenoids and polyketides; Terpenoid backbone biosynthesis","K00869,K00054,K00626,K01823","K17942,K01641,K06981"
"M00374","57.69","Dicarboxylate-hydroxybutyrate cycle","Pathway modules; Energy metabolism; Carbon fixation","K00024,K00239,K01903,K01007,K00626,K01902,K01677,K00169,K00172,K00241,K01678,K01595,K00240","K14467,K14465,K14534,K15038,K00171,K15016,K00170"
"M00095","57.14","C5 isoprenoid biosynthesis, mevalonate pathway","Pathway modules; Biosynthesis of terpenoids and polyketides; Terpenoid backbone biosynthesis","K01597,K00869,K00626,K01823","K00938,K00021,K01641"
"M00129","57.14","Ascorbate biosynthesis, animals, glucose-1P => ascorbate","Pathway modules; Carbohydrate metabolism; Other carbohydrate metabolism","K00012,K01195,K01053,K00963","K00103,K00002,K00699"
"M00740","54.55","Methylaspartate cycle","Pathway modules; Carbohydrate metabolism; Other carbohydrate metabolism","K00024,K14449,K01681,K00261,K00031,K01647","K19268,K04835,K19282,K19281,K01846,K19280"
"M00014","50.0","Glucuronate pathway (uronate pathway)","Pathway modules; Carbohydrate metabolism; Other carbohydrate metabolism","K00854,K00012,K01195,K00008","K13247,K00002,K00699,K03331"
"M00024","50.0","Phenylalanine biosynthesis, chorismate => phenylalanine","Pathway modules; Amino acid metabolism; Aromatic amino acid metabolism","K01713,K04092","K00832"
"M00025","50.0","Tyrosine biosynthesis, chorismate => tyrosine","Pathway modules; Amino acid metabolism; Aromatic amino acid metabolism","K04517,K04092","K00832"
"M00077","50.0","Chondroitin sulfate degradation","Pathway modules; Glycan metabolism; Glycosaminoglycan metabolism","K01195,K01197","K01135,K01132"
"M00078","50.0","Heparan sulfate degradation","Pathway modules; Glycan metabolism; Glycosaminoglycan metabolism","K01136,K01205,K01195,K10532","K01137,K07964,K01565,K01217"
"M00098","50.0","Acylglycerol degradation","Pathway modules; Lipid metabolism; Lipid metabolism","K01046","K01054"
"M00136","50.0","GABA biosynthesis, prokaryotes, putrescine => GABA","Pathway modules; Amino acid metabolism; Polyamine biosynthesis","K09472,K09471","K09473,K09470"
"M00141","50.0","C1-unit interconversion, eukaryotes","Pathway modules; Metabolism of cofactors and vitamins; Cofactor and vitamin metabolism","K00600","K00288"
"M00148","50.0","Succinate dehydrogenase (ubiquinone)","Pathway modules; Energy metabolism; ATP synthesis","K00235,K00236","K00234,K00237"
"M00170","50.0","C4-dicarboxylic acid cycle, phosphoenolpyruvate carboxykinase type","Pathway modules; Energy metabolism; Carbon fixation","K01610,K01595","K14454,K14455"
"M00174","50.0","Methane oxidation, methanotroph, methane => formaldehyde","Pathway modules; Energy metabolism; Methane metabolism","K10945,K10944,K14029,K10946","K14028"
"M00344","50.0","Formaldehyde assimilation, xylulose monophosphate pathway","Pathway modules; Energy metabolism; Methane metabolism","K03841,K01624","K17100,K00863"
"M00358","50.0","Coenzyme M biosynthesis","Pathway modules; Energy metabolism; Methane metabolism","K05979,K08097","K13039,K05884,K06034"
"M00366","50.0","C10-C20 isoprenoid biosynthesis, plants","Pathway modules; Biosynthesis of terpenoids and polyketides; Terpenoid backbone biosynthesis","K01823,K13789","K00787,K14066"
"M00548","50.0","Benzene degradation, benzene => catechol","Pathway modules; Xenobiotics biodegradation; Aromatics degradation","K16244,K16245,K16242","K16243,K16246,K16249"
"M00615","50.0","Nitrate assimilation","Signature modules; Module set; Metabolic capacity","K02575","M00531"
"M00616","50.0","Sulfate-sulfur assimilation","Signature modules; Module set; Metabolic capacity","K02047,K02045,K02046,K23163","M00176"
"M00637","50.0","Anthranilate degradation, anthranilate => catechol","Pathway modules; Xenobiotics biodegradation; Aromatics degradation","K16320,K16319","K18248,K18249"
"M00641","50.0","Multidrug resistance, efflux pump MexEF-OprN","Signature modules; Gene set; Drug resistance","K18300,K18297","K18299,K18298"
"M00651","50.0","Vancomycin resistance, D-Ala-D-Lac type","Signature modules; Gene set; Drug resistance","K18346,K07260","K18344,K18345"
"M00704","50.0","Tetracycline resistance, efflux pump Tet38","Signature modules; Gene set; Drug resistance","K08168","K18906"
"M00714","50.0","Multidrug resistance, efflux pump QacA","Signature modules; Gene set; Drug resistance","K08167","K18938"
"M00840","50.0","Tetrahydrofolate biosynthesis, mediated by ribA and trpF, GTP => THF","Pathway modules; Metabolism of cofactors and vitamins; Cofactor and vitamin metabolism","K00287,K01633,K14652","K13941,K22100,K22099"
"M00142","42.86","NADH","Pathway modules; Energy metabolism; ATP synthesis","K03878,K03882,K03881","K03883,K03879,K03880,K03884"
"M00377","42.86","Reductive acetyl-CoA pathway (Wood-Ljungdahl pathway)","Pathway modules; Energy metabolism; Carbon fixation","K00297,K01491,K01938","K00198,K00197,K00194,K05299,K14138,K15023"
"M00835","42.86","Pyocyanine biosynthesis, chorismate => pyocyanine","Pathway modules; Biosynthesis of other secondary metabolites; Biosynthesis of other secondary metabolites","K06998,K13063,K20940","K20261,K20262,K20260,K21103"
"M00778","41.67","Type II polyketide backbone biosynthesis, acyl-CoA + malonyl-CoA => polyketide","Pathway modules; Biosynthesis of terpenoids and polyketides; Type II polyketide biosynthesis","K05553,K05554","K05552,K05551,K05555"
"M00874","41.67","Fatty acid biosynthesis in mitochondria, fungi","Pathway modules; Lipid metabolism; Fatty acid metabolism","K00645,K00059,K09458","K22541,K07512,K11262,K03955"
"M00013","40.0","Malonate semialdehyde pathway, propanoyl-CoA => acetyl-CoA","Pathway modules; Carbohydrate metabolism; Other carbohydrate metabolism","K00140,K00248","K05605,K23146,K07511"
"M00154","40.0","Cytochrome c oxidase","Pathway modules; Energy metabolism; ATP synthesis","K02258,K02256,K02261,K02259,K02257,K02262","K02266,K02270,K02265,K02263,K02272,K02267,K02260,K02268,K02264"
"M00540","40.0","Benzoate degradation, cyclohexanecarboxylic acid =>pimeloyl-CoA","Pathway modules; Xenobiotics biodegradation; Aromatics degradation","K07535,K04117","K04116,K07536,K07534"
"M00841","40.0","Tetrahydrofolate biosynthesis, mediated by PTPS, GTP => THF","Pathway modules; Metabolism of cofactors and vitamins; Cofactor and vitamin metabolism","K01495,K11754","K13998,K22101,K13941"
"M00081","33.33","Pectin degradation","Pathway modules; Carbohydrate metabolism; Other carbohydrate metabolism","K01051","K01184,K01213"
"M00097","33.33","beta-Carotene biosynthesis, GGAP => beta-carotene","Pathway modules; Biosynthesis of terpenoids and polyketides; Other terpenoid biosynthesis","K02291,K06443","K00514,K02293,K09835,K15744"
"M00309","33.33","Non-phosphorylative Entner-Doudoroff pathway, gluconate/galactonate => glycerate","Pathway modules; Carbohydrate metabolism; Central carbohydrate metabolism","K03738","K11395,K05308"
"M00367","33.33","C10-C20 isoprenoid biosynthesis, non-plant eukaryotes","Pathway modules; Biosynthesis of terpenoids and polyketides; Terpenoid backbone biosynthesis","K01823","K00804,K00787"
"M00368","33.33","Ethylene biosynthesis, methionine => ethylene","Pathway modules; Amino acid metabolism; Cysteine and methionine metabolism","K00789","K05933,K01762"
"M00537","33.33","Xylene degradation, xylene => methylbenzoate","Pathway modules; Xenobiotics biodegradation; Aromatics degradation","K00055","K15757,K00141,K15758"
"M00538","33.33","Toluene degradation, toluene => benzoate","Pathway modules; Xenobiotics biodegradation; Aromatics degradation","K00055","K15760,K15761,K15763,K00141,K15764"
"M00596","33.33","Dissimilatory sulfate reduction, sulfate => H2S","Pathway modules; Energy metabolism; Sulfur metabolism","K00958","K11180,K00395,K11181,K00394"
"M00623","33.33","Phthalate degradation, phthalate => protocatechuate","Pathway modules; Xenobiotics biodegradation; Aromatics degradation","K04102","K18068,K18069,K18067"
"M00718","33.33","Multidrug resistance, efflux pump MexAB-OprM","Signature modules; Gene set; Drug resistance","K03585,K18139","K18138,K18131"
"M00726","33.33","Cationic antimicrobial peptide (CAMP) resistance, lysyl-phosphatidylglycerol (L-PG) synthase MprF","Signature modules; Gene set; Drug resistance","K14205","K19078,K19077"
"M00861","33.33","beta-Oxidation, peroxisome, VLCFA","Pathway modules; Lipid metabolism; Fatty acid metabolism","K00232","K12405,K07513"
"M00101","30.0","Cholesterol biosynthesis, squalene 2,3-epoxide => cholesterol","Pathway modules; Lipid metabolism; Sterol biosynthesis","K00227,K05917,K09828","K07750,K13373,K00213,K01852,K01824,K07748,K00222"
"M00152","30.0","Cytochrome bc1 complex","Pathway modules; Energy metabolism; ATP synthesis","K00411,K00412,K00413","K00415,K00420,K00416,K00417,K00414,K00419,K00418"
"M00171","28.57","C4-dicarboxylic acid cycle, NAD - malic enzyme type","Pathway modules; Energy metabolism; Carbon fixation","K01006,K01595","K00028,K14455,K00025,K14454,K00814"
"M00860","28.57","Bacillus anthracis pathogenicity signature, polyglutamic acid capsule biosynthesis","Signature modules; Gene set; Pathogenicity","K22116,K01932","K22981,K22976,K07282,K22980,K22977"
"M00032","27.78","Lysine degradation, lysine => saccharopine => acetoacetyl-CoA","Pathway modules; Amino acid metabolism; Lysine metabolism","K00658,K00382,K00252","K15791,K14085,K14157,K00825,K07514"
"M00357","26.67","Methanogenesis, acetate => methane","Pathway modules; Energy metabolism; Methane metabolism","K03390,K00625,K00925","K00193,K00399,K00577,K03388,K00579,K00580,K00401,K00194,K00197,K00584,K00402,K03389,K00581,K00578"
"M00042","25.0","Catecholamine biosynthesis, tyrosine => dopamine => noradrenaline => adrenaline","Pathway modules; Amino acid metabolism; Aromatic amino acid metabolism","K00505","K00503,K01593,K00553"
"M00079","25.0","Keratan sulfate degradation","Pathway modules; Glycan metabolism; Glycosaminoglycan metabolism","K12373","K01137,K12309,K01132"
"M00089","25.0","Triacylglycerol biosynthesis","Pathway modules; Lipid metabolism; Lipid metabolism","K00655","K01080,K00629,K11155"
"M00131","25.0","Inositol phosphate metabolism, Ins(1,3,4,5)P4 => Ins(1,3,4)P3 => myo-inositol","Pathway modules; Carbohydrate metabolism; Other carbohydrate metabolism","K01092","K01107,K01109,K01106"
"M00633","25.0","Semi-phosphorylative Entner-Doudoroff pathway, gluconate/galactonate => glycerate-3P","Pathway modules; Carbohydrate metabolism; Central carbohydrate metabolism","K00131","K18126,K05308,K11395"
"M00790","25.0","Pyrrolnitrin biosynthesis, tryptophan => pyrrolnitrin","Pathway modules; Biosynthesis of other secondary metabolites; Biosynthesis of other secondary metabolites","K14266","K19981,K19982,K14257"
"M00830","25.0","Neocarzinostatin naphthoate moiety biosynthesis, malonyl-CoA => 2-hydroxy-5-methyl-1-naphthoate => 2-hydroxy-7-methoxy-5-methyl-1-naphthoyl-CoA","Pathway modules; Biosynthesis of terpenoids and polyketides; Enediyne biosynthesis","K20420","K20423,K20421,K20422"
"M00872","25.0","O-glycan biosynthesis, mannose type (core M3)","Pathway modules; Glycan metabolism; Glycan biosynthesis","K00728","K17547,K09654,K18207"
"M00873","25.0","Fatty acid biosynthesis in mitochondria, animals","Pathway modules; Lipid metabolism; Fatty acid metabolism","K00645,K09458","K11539,K07512,K03955,K18660,K22540,K13370"
"M00114","22.22","Ascorbate biosynthesis, plants, glucose-6P => ascorbate","Pathway modules; Carbohydrate metabolism; Other carbohydrate metabolism","K01809,K01810","K17744,K10047,K17497,K00225,K10046,K00966,K14190"
"M00159","22.22","V/A-type ATPase, prokaryotes","Pathway modules; Energy metabolism; ATP synthesis","K02121,K02124","K02120,K02122,K02118,K02117,K02119,K02123,K02107"
"M00567","21.67","Methanogenesis, CO2 => methane","Pathway modules; Energy metabolism; Methane metabolism","K00201,K03390,K00200,K01499","K00399,K00205,K00581,K00577,K00319,K00203,K00320,K00579,K00580,K00401,K00672,K00584,K00202,K00402,K03389,K03388,K00578"
"M00099","20.0","Sphingosine biosynthesis","Pathway modules; Lipid metabolism; Lipid metabolism","K12349","K04708,K04709,K04712,K00654"
"M00372","20.0","Abscisic acid biosynthesis, beta-carotene => abscisic acid","Pathway modules; Biosynthesis of terpenoids and polyketides; Other terpenoid biosynthesis","K15746","K09842,K09838,K09841,K09840"
"M00575","20.0","Pertussis pathogenicity signature, T1SS","Signature modules; Gene set; Pathogenicity","K12340","K11004,K07389,K22944,K11003"
"M00652","20.0","Vancomycin resistance, D-Ala-D-Ser type","Signature modules; Gene set; Drug resistance","K18349","K18856,K18866,K18348,K18350"
"M00867","20.0","KDO2-lipid A modification pathway","Pathway modules; Glycan metabolism; Lipopolysaccharide metabolism","K03760","K09953,K12977,K23083,K23159,K23082"
"M00102","18.18","Ergocalciferol biosynthesis","Pathway modules; Lipid metabolism; Sterol biosynthesis","K00227,K05917","K09829,K00223,K00222,K07748,K07750,K09827,K09831,K00559,K01852"
"M00128","16.67","Ubiquinone biosynthesis, eukaryotes, 4-hydroxybenzoate => ubiquinone","Pathway modules; Metabolism of cofactors and vitamins; Cofactor and vitamin metabolism","K06134","K00591,K06125,K06126,K06127"
"M00161","16.67","Photosystem II","Pathway modules; Energy metabolism; Photosynthesis","K02703","K02708,K02706,K02704,K02707,K02705"
"M00163","16.67","Photosystem I","Pathway modules; Energy metabolism; Photosynthesis","K02691","K02689,K02694,K02693,K02692,K02690"
"M00418","16.67","Toluene degradation, anaerobic, toluene => benzoyl-CoA","Pathway modules; Xenobiotics biodegradation; Aromatics degradation","K07546","K07545,K07547,K07543,K07544,K07540,K07550,K07548,K07549"
"M00643","16.67","Multidrug resistance, efflux pump MexXY-OprM","Signature modules; Gene set; Drug resistance","K18139","K18129,K18094,K18095"
"M00696","16.67","Multidrug resistance, efflux pump AcrEF-TolC","Signature modules; Gene set; Drug resistance","K12340","K18141,K18142,K18140"
"M00697","16.67","Multidrug resistance, efflux pump MdtEF-TolC","Signature modules; Gene set; Drug resistance","K12340","K07690,K18899,K18898"
"M00789","16.67","Rebeccamycin biosynthesis, tryptophan => rebeccamycin","Pathway modules; Biosynthesis of other secondary metabolites; Biosynthesis of other secondary metabolites","K14266","K19887,K19889,K19888,K19884,K19885,K19886"
"M00810","16.67","Nicotine degradation, pyridine pathway, nicotine => 2,6-dihydroxypyridine/succinate semialdehyde","Pathway modules; Metabolism of cofactors and vitamins; Cofactor and vitamin metabolism","K19185,K19186","K19818,K19187,K19826,K19819,K19820,K19188"
"M00850","16.67","Vibrio cholerae pathogenicity signature, cholera toxins","Signature modules; Gene set; Pathogenicity","K10954","K11018,K10952,K10928,K10948,K10953,K10929"
"M00375","14.29","Hydroxypropionate-hydroxybutylate cycle","Pathway modules; Energy metabolism; Carbon fixation","K05606,K00626","K01849,K15018,K14465,K14534,K15038,K14466,K15039,K01848,K01964,K15019,K15017,K15020,K15037,K15016,K15036"
"M00875","14.29","Staphyloferrin B biosynthesis, L-serine => staphyloferrin B","Pathway modules; Biosynthesis of other secondary metabolites; Biosynthesis of other secondary metabolites","K21949","K21721,K23371,K23372,K23375,K23374,K23373"
"M00158","13.33","F-type ATPase, eukaryotes","Pathway modules; Energy metabolism; ATP synthesis","K02128,K02125","K02137,K02138,K02129,K02133,K02132,K02141,K02126,K02135,K02127,K02136,K02130,K02140,K02134"
"M00030","12.5","Lysine biosynthesis, AAA pathway, 2-oxoglutarate => 2-aminoadipate => lysine","Pathway modules; Amino acid metabolism; Lysine metabolism","K00290","K00143,K00838,K05824,K01705,K17450,K01655,K00293"
"M00113","12.5","Jasmonic acid biosynthesis","Pathway modules; Lipid metabolism; Lipid metabolism","K00232","K05894,K10525,K10526,K01723,K00454,K07513,K10527"
"M00779","12.5","Dihydrokalafungin biosynthesis, octaketide => dihydrokalafungin","Pathway modules; Biosynthesis of terpenoids and polyketides; Type II polyketide biosynthesis","K14631","K14630,K14628,K14626,K05556"
"M00356","11.11","Methanogenesis, methanol => methane","Pathway modules; Energy metabolism; Methane metabolism","K03390","K00399,K00401,K14081,K14080,K04480,K00402,K03389,K03388"
"M00039","10.0","Monolignol biosynthesis, phenylalanine/tyrosine => monolignol","Pathway modules; Biosynthesis of other secondary metabolites; Biosynthesis of other secondary metabolites","K00588","K09754,K00487,K09755,K10775,K13065,K09753,K13066,K00083,K01904"
"M00143","10.0","NADH dehydrogenase (ubiquinone) Fe-S protein/flavoprotein complex, mitochondria","Pathway modules; Energy metabolism; ATP synthesis","K03937","K03934,K03942,K03940,K03943,K03935,K03938,K03941,K03936,K03939"
"M00104","8.33","Bile acid biosynthesis, cholesterol => cholate/chenodeoxycholate","Pathway modules; Lipid metabolism; Sterol biosynthesis","K01796","K08764,K12405,K00488,K07431,K00489,K12408,K11992,K08748,K00251,K00037,K10214"
"M00563","8.33","Methanogenesis, methylamine/dimethylamine/trimethylamine => methane","Pathway modules; Energy metabolism; Methane metabolism","K03390","K00399,K00401,K00402,K03389,K03388,K16177,K14082"
"M00736","8.33","Nocardicin A biosynthesis, L-pHPG + arginine + serine => nocardicin A","Pathway modules; Biosynthesis of other secondary metabolites; beta-Lactam biosynthesis","K05375","K19103,K19106,K19105,K19102,K19104"
"M00147","7.69","NADH dehydrogenase (ubiquinone) 1 beta subcomplex","Pathway modules; Energy metabolism; ATP synthesis","K03959","K03962,K03957,K03958,K03960,K03961,K03963,K11351,K03968,K03966,K03965,K03967,K03964"
"M00541","6.25","Benzoyl-CoA degradation, benzoyl-CoA => 3-hydroxypimeloyl-CoA","Pathway modules; Xenobiotics biodegradation; Aromatics degradation","K04114","K04113,K07539,K07538,K07537,K04115,K04112"
"M00564","4.35","Helicobacter pylori pathogenicity signature, cagA pathogenicity island","Signature modules; Gene set; Pathogenicity","K03196","K12091,K12104,K12089,K12096,K12094,K12098,K12110,K12093,K12103,K12090,K12101,K12095,K12107,K15842,K12108,K12106,K12088,K12102,K12105,K12086,K12109,K12097"
"M00055","3.85","N-glycan precursor biosynthesis","Pathway modules; Glycan metabolism; Glycan biosynthesis","K07441","K03847,K01001,K03842,K03849,K03850,K03844,K03848,K03843,K03846,K07432,K00729,K03845"
"M00848","3.12","Aurachin biosynthesis, anthranilate => aurachin A","Pathway modules; Biosynthesis of other secondary metabolites; Biosynthesis of other secondary metabolites","K02078","K22802,K14246,K22798,K21272,K14245,K22801,K22799,K21271,K09460,K22800"
"M00660","2.27","Xanthomonas spp. pathogenicity signature, T3SS and effectors","Signature modules; Gene set; Plant pathogenicity","K03223,K03227","K18380,K18376,K18378,K18375,K18377,K03222,K18374,K18373,K03225,K18379,K03226,K03229,K18381,K03228,K03224,K03230"
"M00542","1.25","EHEC/EPEC pathogenicity signature, T3SS and effectors","Signature modules; Gene set; Pathogenicity","K03227","K12786,K12788,K03219,K12785,K03221,K12787,K03222,K03225,K16041,K03226,K03229,K03228,K03224,K12784,K03230,K16042"
